{
  "$schema": "https://developer.microsoft.com/json-schemas/spfx/client-side-web-part-manifest.schema.json",
  "id": "cceb3fa0-e531-4300-8869-8058d334d72c",
  "alias": "Bnc-Teams-Search-Profil",
  "componentType": "WebPart",

  "version": "*",
  "manifestVersion": 2,
  "supportsFullBleed": true,

  "requiresCustomScript": false,
  "supportedHosts": ["SharePointWebPart", "TeamsTab"],

  "preconfiguredEntries": [
    {
      "groupId": "5c03119e-3074-46fd-976b-c60198311f70",
      "group": { "default": "BNC" },
      "title": { "default": "BNC Profil" },
      "description": { "default": "BNC Profil" },
      "officeFabricIconFontName": "Page",
      "properties": {
        "isMockData": false,
        "showColleagueSection": true,
        "language": "fr-ca"
      }
    }
  ]
}
