{
  "@pnp/generator-spfx": {
    "framework": "react",
    "pnpFramework": "reactjs.plus",
    "pnp-libraries": [
      "@pnp/spfx-property-controls",
      "@pnp/spfx-controls-react",
      "ouifr@6fluent",
      "rush@3.3"
    ],
    "pnp-ci": [],
    "pnp-vetting": [
      "webpack-analyzer",
      "stylelint",
      "csscomb"
    ],
    "spfxenv": "spo",
    "pnp-testing": [
      "jest"
    ]
  },
  "@microsoft/generator-sharepoint": {
    "environment": "spo",
    "framework": "react",
    "isCreatingSolution": true,
    "whichFolder": "subdir",
    "version": "1.9.1",
    "libraryName": "teams-search-profil",
    "libraryId": "02e2463a-f830-4294-8c79-b182556a9b4e",
    "packageManager": "npm",
    "isDomainIsolated": false,
    "componentType": "webpart"
  }
}