{
  "head": {
    "vars": ["employeeId", "email", "applicationBNCLabel", "id"]
  },
  "results": {
    "bindings": [
      {
        "employeeId": { "type": "literal", "value": "111755" },
        "email": { "type": "uri", "value": "mailto:alain.durocher@bnc.ca" },
        "applicationBNCLabel": { "type": "literal", "value": "Application 1" },
        "id": { "type": "literal", "value": "{11111111111111111}" }
      },
      {
        "employeeId": { "type": "literal", "value": "111755" },
        "email": { "type": "uri", "value": "mailto:alain.durocher@bnc.ca" },
        "applicationBNCLabel": { "type": "literal", "value": "Application 2" },
        "id": { "type": "literal", "value": "{11111111111111112}" }
      },
      {
        "employeeId": { "type": "literal", "value": "111755" },
        "email": { "type": "uri", "value": "mailto:alain.durocher@bnc.ca" },
        "applicationBNCLabel": { "type": "literal", "value": "Application 3" },
        "id": { "type": "literal", "value": "{11111111111111113}" }
      },
      {
        "employeeId": { "type": "literal", "value": "111755" },
        "email": { "type": "uri", "value": "mailto:alain.durocher@bnc.ca" },
        "applicationBNCLabel": { "type": "literal", "value": "Application 4" },
        "id": { "type": "literal", "value": "{11111111111111114}" }
      },
      {
        "employeeId": { "type": "literal", "value": "111755" },
        "email": { "type": "uri", "value": "mailto:alain.durocher@bnc.ca" },
        "applicationBNCLabel": { "type": "literal", "value": "Application 5" },
        "id": { "type": "literal", "value": "{11111111111111115}" }
      },
      {
        "employeeId": { "type": "literal", "value": "111755" },
        "email": { "type": "uri", "value": "mailto:alain.durocher@bnc.ca" },
        "applicationBNCLabel": { "type": "literal", "value": "Application 6" },
        "id": { "type": "literal", "value": "{11111111111111116}" }
      }
    ]
  }
}
