{
  "head": {
    "vars": [
      "employeeId",
      "email",
      "certificationLabel",
      "startMonthYear",
      "endMonthYear",
      "description",
      "valid",
      "logoUrl",
      "id"
    ]
  },
  "results": {
    "bindings": [
      {
        "employeeId": { "type": "literal", "value": "111755" },
        "email": { "type": "uri", "value": "mailto:alain.durocher@bnc.ca" },
        "certificationLabel": {
          "type": "literal",
          "value": "Certificat financier 1"
        },
        "startMonthYear": { "type": "literal", "value": "2017-03-02" },
        "endMonthYear": { "type": "literal", "value": "2020-03-02" },
        "logoUrl": {
          "type": "literal",
          "value": "https://media-exp1.licdn.com/dms/image/C4E0BAQEn6xLGXl8hpw/company-logo_200_200/0?e=2159024400&v=beta&t=O0NdFxeGBBkEYfaYNBumm_qqnLuJ2xspt8WY-P6XnNk"
        },
        "description": {
          "type": "literal",
          "value": "Lorem ipsum dolor sit amet, consectetur adipiscing elit. Fusce posuere fermentum odio, quis dapibus leo iaculis quis. Maecenas eget pretium tortor."
        },
        "id": {
          "type": "literal",
          "value": "{222222222222222222222222-1}"
        },
        "valid": {
          "type": "literal",
          "value": "true"
        }
      },
      {
        "employeeId": { "type": "literal", "value": "111755" },
        "email": { "type": "uri", "value": "mailto:alain.durocher@bnc.ca" },
        "certificationLabel": {
          "type": "literal",
          "value": "Certificat financier 2"
        },
        "startMonthYear": { "type": "literal", "value": "2017-03-02" },
        "endMonthYear": { "type": "literal", "value": "2019-03-02" },
        "logoUrl": {
          "type": "literal",
          "value": "https://media-exp1.licdn.com/dms/image/C4E0BAQEn6xLGXl8hpw/company-logo_200_200/0?e=2159024400&v=beta&t=O0NdFxeGBBkEYfaYNBumm_qqnLuJ2xspt8WY-P6XnNk"
        },
        "description": {
          "type": "literal",
          "value": "Lorem ipsum dolor sit amet, consectetur adipiscing elit. Fusce posuere fermentum odio, quis dapibus leo iaculis quis. Maecenas eget pretium tortor."
        },
        "id": {
          "type": "literal",
          "value": "{222222222222222222222222-2}"
        },
        "valid": {
          "type": "literal",
          "value": "true"
        }
      },
      {
        "employeeId": { "type": "literal", "value": "111755" },
        "email": { "type": "uri", "value": "mailto:alain.durocher@bnc.ca" },
        "certificationLabel": {
          "type": "literal",
          "value": "Certificat financier 3"
        },
        "startMonthYear": { "type": "literal", "value": "2017-03-02" },
        "endMonthYear": { "type": "literal", "value": "2021-03-14" }
      },
      {
        "employeeId": { "type": "literal", "value": "111755" },
        "email": { "type": "uri", "value": "mailto:alain.durocher@bnc.ca" },
        "certificationLabel": {
          "type": "literal",
          "value": "Certificat financier 4"
        },
        "startMonthYear": { "type": "literal", "value": "2017-03-02" },
        "endMonthYear": { "type": "literal", "value": "2020-11-22" },
        "description": {
          "type": "literal",
          "value": "Lorem ipsum dolor sit amet, consectetur adipiscing elit. Fusce posuere fermentum odio, quis dapibus leo iaculis quis. Maecenas eget pretium tortor."
        },
        "id": {
          "type": "literal",
          "value": "{222222222222222222222222-3}"
        },
        "valid": {
          "type": "literal",
          "value": "true"
        }
      },
      {
        "employeeId": { "type": "literal", "value": "111755" },
        "email": { "type": "uri", "value": "mailto:alain.durocher@bnc.ca" },
        "certificationLabel": {
          "type": "literal",
          "value": "Certificat financier 5"
        },
        "startMonthYear": { "type": "literal", "value": "2017-03-02" },
        "logoUrl": {
          "type": "literal",
          "value": "https://media-exp1.licdn.com/dms/image/C4E0BAQEn6xLGXl8hpw/company-logo_200_200/0?e=2159024400&v=beta&t=O0NdFxeGBBkEYfaYNBumm_qqnLuJ2xspt8WY-P6XnNk"
        },
        "description": {
          "type": "literal",
          "value": "Lorem ipsum dolor sit amet, consectetur adipiscing elit. Fusce posuere fermentum odio, quis dapibus leo iaculis quis. Maecenas eget pretium tortor."
        },
        "id": {
          "type": "literal",
          "value": "{222222222222222222222222-4}"
        },
        "valid": {
          "type": "literal",
          "value": "true"
        }
      },
      {
        "employeeId": { "type": "literal", "value": "111755" },
        "email": { "type": "uri", "value": "mailto:alain.durocher@bnc.ca" },
        "certificationLabel": {
          "type": "literal",
          "value": "Certificat financier 6"
        },
        "startMonthYear": { "type": "literal", "value": "2017-03-02" },
        "endMonthYear": { "type": "literal", "value": "2018-06-28" },
        "logoUrl": {
          "type": "literal",
          "value": "https://media-exp1.licdn.com/dms/image/C4E0BAQEn6xLGXl8hpw/company-logo_200_200/0?e=2159024400&v=beta&t=O0NdFxeGBBkEYfaYNBumm_qqnLuJ2xspt8WY-P6XnNk"
        },
        "description": {
          "type": "literal",
          "value": "Lorem ipsum dolor sit amet, consectetur adipiscing elit. Fusce posuere fermentum odio, quis dapibus leo iaculis quis. Maecenas eget pretium tortor."
        },
        "id": {
          "type": "literal",
          "value": "{222222222222222222222222-5}"
        },
        "valid": {
          "type": "literal",
          "value": "true"
        }
      }
    ]
  }
}
