{
  "head": {
    "vars": [
      "employeeId",
      "email",
      "comptType",
      "compEvidence",
      "compLabel",
      "status",
      "feedback",
      "fdbkDate"
    ]
  },
  "results": {
    "bindings": [
      {
        "comptType": { "type": "literal", "value": "tech_skill" },
        "compEvidence": { "type": "literal", "value": "evidence_role" },
        "employeeId": { "type": "literal", "value": "111755" },
        "email": { "type": "uri", "value": "mailto:alain.durocher@bnc.ca" },
        "compLabel": { "type": "literal", "value": "Oracle Hyperion" },
        "status": { "type": "literal", "value": "suggested" }
      },
      {
        "comptType": { "type": "literal", "value": "tech_skill" },
        "compEvidence": { "type": "literal", "value": "evidence_role" },
        "employeeId": { "type": "literal", "value": "111755" },
        "email": { "type": "uri", "value": "mailto:alain.durocher@bnc.ca" },
        "compLabel": { "type": "literal", "value": "Eclipse IDE" },
        "status": { "type": "literal", "value": "suggested" }
      },
      {
        "comptType": { "type": "literal", "value": "tech_skill" },
        "compEvidence": { "type": "literal", "value": "evidence_role" },
        "employeeId": { "type": "literal", "value": "111755" },
        "email": { "type": "uri", "value": "mailto:alain.durocher@bnc.ca" },
        "compLabel": {
          "xml:lang": "fr",
          "type": "literal",
          "value": "Statistiques IBM SPSS"
        },
        "status": { "type": "literal", "value": "suggested" }
      },
      {
        "feedback": { "type": "literal", "value": "rating_feedback_valid" },
        "fdbkDate": {
          "datatype": "http://www.w3.org/2001/XMLSchema#date",
          "type": "literal",
          "value": "2020-06-09"
        },
        "comptType": { "type": "literal", "value": "ability" },
        "compEvidence": { "type": "literal", "value": "evidence_role" },
        "employeeId": { "type": "literal", "value": "111755" },
        "email": { "type": "uri", "value": "mailto:alain.durocher@bnc.ca" },
        "compLabel": {
          "xml:lang": "fr",
          "type": "literal",
          "value": "Compréhension orale"
        },
        "status": { "type": "literal", "value": "valid" }
      },
      {
        "feedback": { "type": "literal", "value": "rating_feedback_valid" },
        "fdbkDate": {
          "datatype": "http://www.w3.org/2001/XMLSchema#date",
          "type": "literal",
          "value": "2020-06-09"
        },
        "comptType": { "type": "literal", "value": "ability" },
        "compEvidence": { "type": "literal", "value": "evidence_role" },
        "employeeId": { "type": "literal", "value": "111755" },
        "email": { "type": "uri", "value": "mailto:alain.durocher@bnc.ca" },
        "compLabel": {
          "xml:lang": "fr",
          "type": "literal",
          "value": "Compréhension écrite"
        },
        "status": { "type": "literal", "value": "valid" }
      },
      {
        "comptType": { "type": "literal", "value": "knowledge" },
        "compEvidence": { "type": "literal", "value": "evidence_role" },
        "employeeId": { "type": "literal", "value": "111755" },
        "email": { "type": "uri", "value": "mailto:alain.durocher@bnc.ca" },
        "compLabel": {
          "xml:lang": "fr",
          "type": "literal",
          "value": "Informatique et électronique"
        },
        "status": { "type": "literal", "value": "suggested" }
      },
      {
        "feedback": { "type": "literal", "value": "rating_feedback_valid" },
        "fdbkDate": {
          "datatype": "http://www.w3.org/2001/XMLSchema#date",
          "type": "literal",
          "value": "2020-06-09"
        },
        "comptType": { "type": "literal", "value": "skill" },
        "compEvidence": { "type": "literal", "value": "evidence_role" },
        "employeeId": { "type": "literal", "value": "111755" },
        "email": { "type": "uri", "value": "mailto:alain.durocher@bnc.ca" },
        "compLabel": {
          "xml:lang": "fr",
          "type": "literal",
          "value": "Programmation"
        },
        "status": { "type": "literal", "value": "valid" }
      },
      {
        "comptType": { "type": "literal", "value": "work_activity" },
        "compEvidence": { "type": "literal", "value": "evidence_role" },
        "employeeId": { "type": "literal", "value": "111755" },
        "email": { "type": "uri", "value": "mailto:alain.durocher@bnc.ca" },
        "compLabel": {
          "xml:lang": "fr",
          "type": "literal",
          "value": "Interagir avec les ordinateurs"
        },
        "status": { "type": "literal", "value": "suggested" }
      }
    ]
  }
}
