{
  "head": {
    "vars": [
      "employeeId",
      "email",
      "comptType",
      "compEvidence",
      "topic",
      "compLabel",
      "fdbkDate",
      "fdbkRating",
      "weightVal",
      "scaleLabel"
    ]
  },
  "results": {
    "bindings": [
      {
        "comptType": { "type": "literal", "value": "tech_skill" },
        "compEvidence": { "type": "literal", "value": "evidence_role" },
        "topic": { "type": "literal", "value": "tech_skill_oracle_hyperion" },
        "employeeId": { "type": "literal", "value": "111755" },
        "email": { "type": "uri", "value": "mailto:alain.durocher@bnc.ca" },
        "compLabel": { "type": "literal", "value": "Oracle Hyperion" }
      },
      {
        "comptType": { "type": "literal", "value": "skill" },
        "compEvidence": { "type": "literal", "value": "evidence_role" },
        "topic": { "type": "literal", "value": "skill_15-1132.00_2.B.3.e" },
        "employeeId": { "type": "literal", "value": "111755" },
        "email": { "type": "uri", "value": "mailto:alain.durocher@bnc.ca" },
        "compLabel": {
          "xml:lang": "fr",
          "type": "literal",
          "value": "Programmation"
        }
      },
      {
        "comptType": { "type": "literal", "value": "tech_skill" },
        "compEvidence": { "type": "literal", "value": "evidence_role" },
        "topic": { "type": "literal", "value": "tech_skill_eclipse_ide" },
        "employeeId": { "type": "literal", "value": "111755" },
        "email": { "type": "uri", "value": "mailto:alain.durocher@bnc.ca" },
        "compLabel": { "type": "literal", "value": "Eclipse IDE" }
      },
      {
        "comptType": { "type": "literal", "value": "skill" },
        "compEvidence": { "type": "literal", "value": "evidence_role" },
        "topic": { "type": "literal", "value": "skill_15-1134.00_2.B.3.e" },
        "employeeId": { "type": "literal", "value": "111755" },
        "email": { "type": "uri", "value": "mailto:alain.durocher@bnc.ca" },
        "compLabel": {
          "xml:lang": "fr",
          "type": "literal",
          "value": "Programmation"
        }
      },
      {
        "comptType": { "type": "literal", "value": "work_activity" },
        "compEvidence": { "type": "literal", "value": "evidence_role" },
        "topic": {
          "type": "literal",
          "value": "work_activity_15-1131.00_4.A.3.b.1"
        },
        "employeeId": { "type": "literal", "value": "111755" },
        "email": { "type": "uri", "value": "mailto:alain.durocher@bnc.ca" },
        "compLabel": {
          "xml:lang": "fr",
          "type": "literal",
          "value": "Interagir avec les ordinateurs"
        }
      },
      {
        "comptType": { "type": "literal", "value": "work_activity" },
        "compEvidence": { "type": "literal", "value": "evidence_role" },
        "topic": {
          "type": "literal",
          "value": "work_activity_15-1134.00_4.A.3.b.1"
        },
        "employeeId": { "type": "literal", "value": "111755" },
        "email": { "type": "uri", "value": "mailto:alain.durocher@bnc.ca" },
        "compLabel": {
          "xml:lang": "fr",
          "type": "literal",
          "value": "Interagir avec les ordinateurs"
        }
      },
      {
        "comptType": { "type": "literal", "value": "tech_skill" },
        "compEvidence": { "type": "literal", "value": "evidence_role" },
        "topic": {
          "type": "literal",
          "value": "tech_skill_ibm_spss_statistics"
        },
        "employeeId": { "type": "literal", "value": "111755" },
        "email": { "type": "uri", "value": "mailto:alain.durocher@bnc.ca" },
        "compLabel": {
          "xml:lang": "fr",
          "type": "literal",
          "value": "Statistiques IBM SPSS"
        }
      },
      {
        "comptType": { "type": "literal", "value": "work_activity" },
        "compEvidence": { "type": "literal", "value": "evidence_role" },
        "topic": {
          "type": "literal",
          "value": "work_activity_15-1132.00_4.A.3.b.1"
        },
        "employeeId": { "type": "literal", "value": "111755" },
        "email": { "type": "uri", "value": "mailto:alain.durocher@bnc.ca" },
        "compLabel": {
          "xml:lang": "fr",
          "type": "literal",
          "value": "Interagir avec les ordinateurs"
        }
      },
      {
        "comptType": { "type": "literal", "value": "ability" },
        "compEvidence": { "type": "literal", "value": "evidence_role" },
        "topic": { "type": "literal", "value": "ability_15-1131.00_1.A.1.a.2" },
        "employeeId": { "type": "literal", "value": "111755" },
        "email": { "type": "uri", "value": "mailto:alain.durocher@bnc.ca" },
        "compLabel": {
          "xml:lang": "fr",
          "type": "literal",
          "value": "Compréhension écrite"
        }
      },
      {
        "comptType": { "type": "literal", "value": "knowledge" },
        "compEvidence": { "type": "literal", "value": "evidence_role" },
        "topic": { "type": "literal", "value": "knowledge_15-1132.00_2.C.3.a" },
        "employeeId": { "type": "literal", "value": "111755" },
        "email": { "type": "uri", "value": "mailto:alain.durocher@bnc.ca" },
        "compLabel": {
          "xml:lang": "fr",
          "type": "literal",
          "value": "Informatique et électronique"
        }
      },
      {
        "comptType": { "type": "literal", "value": "ability" },
        "compEvidence": { "type": "literal", "value": "evidence_role" },
        "topic": { "type": "literal", "value": "ability_15-1133.00_1.A.1.a.2" },
        "employeeId": { "type": "literal", "value": "111755" },
        "email": { "type": "uri", "value": "mailto:alain.durocher@bnc.ca" },
        "compLabel": {
          "xml:lang": "fr",
          "type": "literal",
          "value": "Compréhension écrite"
        }
      },
      {
        "comptType": { "type": "literal", "value": "ability" },
        "compEvidence": { "type": "literal", "value": "evidence_role" },
        "topic": { "type": "literal", "value": "ability_15-1133.00_1.A.1.a.1" },
        "employeeId": { "type": "literal", "value": "111755" },
        "email": { "type": "uri", "value": "mailto:alain.durocher@bnc.ca" },
        "compLabel": {
          "xml:lang": "fr",
          "type": "literal",
          "value": "Compréhension orale"
        }
      },
      {
        "comptType": { "type": "literal", "value": "knowledge" },
        "compEvidence": { "type": "literal", "value": "evidence_role" },
        "topic": { "type": "literal", "value": "knowledge_15-1133.00_2.C.3.a" },
        "employeeId": { "type": "literal", "value": "111755" },
        "email": { "type": "uri", "value": "mailto:alain.durocher@bnc.ca" },
        "compLabel": {
          "xml:lang": "fr",
          "type": "literal",
          "value": "Informatique et électronique"
        }
      },
      {
        "comptType": { "type": "literal", "value": "skill" },
        "compEvidence": { "type": "literal", "value": "evidence_role" },
        "topic": { "type": "literal", "value": "skill_15-1131.00_2.B.3.e" },
        "employeeId": { "type": "literal", "value": "111755" },
        "email": { "type": "uri", "value": "mailto:alain.durocher@bnc.ca" },
        "compLabel": {
          "xml:lang": "fr",
          "type": "literal",
          "value": "Programmation"
        }
      },
      {
        "comptType": { "type": "literal", "value": "knowledge" },
        "compEvidence": { "type": "literal", "value": "evidence_role" },
        "topic": { "type": "literal", "value": "knowledge_15-1131.00_2.C.3.a" },
        "employeeId": { "type": "literal", "value": "111755" },
        "email": { "type": "uri", "value": "mailto:alain.durocher@bnc.ca" },
        "compLabel": {
          "xml:lang": "fr",
          "type": "literal",
          "value": "Informatique et électronique"
        }
      }
    ]
  }
}
