{
  "head": {
    "vars": [
      "employeeId",
      "email",
      "languageLabel",
      "languageCode",
      "languageProficiency",
      "id"
    ]
  },
  "results": {
    "bindings": [
      {
        "employeeId": { "type": "literal", "value": "111755" },
        "email": { "type": "uri", "value": "mailto:alain.durocher@bnc.ca" },
        "languageLabel": { "type": "literal", "value": "Français" },
        "languageProficiency": { "type": "literal", "value": "nativeOrBilingual" }, "id": {
          "type": "literal",
          "value": "{33333333333333333-1}"
        },
        "languageCode": { "type": "literal", "value": "FR" }
      },
      {
        "employeeId": { "type": "literal", "value": "111755" },
        "email": { "type": "uri", "value": "mailto:alain.durocher@bnc.ca" },
        "languageLabel": { "type": "literal", "value": "Anglais" },
        "languageProficiency": { "type": "literal", "value": "nativeOrBilingual" }, "id": {
          "type": "literal",
          "value": "{33333333333333333-2}"
        },
        "languageCode": { "type": "literal", "value": "EN" }
      },
      {
        "employeeId": { "type": "literal", "value": "111755" },
        "email": { "type": "uri", "value": "mailto:alain.durocher@bnc.ca" },
        "languageLabel": { "type": "literal", "value": "Espagnol" },
        "languageProficiency": { "type": "literal", "value": "elementary" }, "id": {
          "type": "literal",
          "value": "{33333333333333333-3}"
        },
        "languageCode": { "type": "literal", "value": "ES" }
      }
    ]
  }
}
