{
  "$schema": "https://developer.microsoft.com/json-schemas/spfx-build/package-solution.schema.json",
  "solution": {
    "name": "BNC - Profile social",
    "id": "02e2463a-f830-4294-8c79-b182556a9b4e",
    "version": "1.0.0.0",
    "includeClientSideAssets": true,
    "skipFeatureDeployment": true,
    "isDomainIsolated": false,
    "webApiPermissionRequests": [
      {
        "resource": "Windows Azure Active Directory",
        "scope": "User.Read"
      },
      {
        "resource": "Microsoft Graph",
        "scope": "User.ReadBasic.All"
      },

      {
        "resource": "Microsoft Graph",
        "scope": "People.Read.All"
      }
    ]
  },
  "paths": {
    "zippedPackage": "solution/bnc-profile-social.sppkg"
  }
}
