{
    "persona": {
        "businessPhones": [
            "+1 412 555 0109"
        ],
        "displayName": "Megan Bowen",
        "givenName": "Megan",
        "jobTitle": "Auditor",
        "mail": "MeganB@M365x214355.onmicrosoft.com",
        "mobilePhone": null,
        "officeLocation": "12/1110",
        "preferredLanguage": "en-US",
        "surname": "Bowen",
        "userPrincipalName": "MeganB@M365x214355.onmicrosoft.com",
        "id": "48d31887-5fad-4d73-a9f5-3c356e68a038"
    },
    "personaPresence": 2,
    "pictureUrl": "https://developer.microsoft.com/bc9db7b3-c6a6-4b49-9c98-ca2c2d2a60d8",
    "phonesFormated": [
        {
            "phone": "412-555-0109",
            "ext": "1001"
        }
    ],
    "userLocationMapUrl": "https://www.google.com/maps/place/Montr%C3%A9al,+QC/@45.5576996,-74.0104841,10z/data=!3m1!4b1!4m5!3m4!1s0x4cc91a541c64b70d:0x654e3138211fefef!8m2!3d45.5016889!4d-73.567256",
    "certifications": [
        {
            "key": "Guid 1",
            "name": "Certification 1"
        },
        {
            "key": "Guid 2",
            "name": "Certification 2"
        },
        {
            "key": "Guid 3",
            "name": "Certification 3"
        }
    ],
    "suggestedCompetencies":[
        {
            "key": "Guid 1",
            "name": "suggestedCompetencies 1",
            "fields":{"competencyStatus":"valid"}
        },
        {
            "key": "Guid 2",
            "name": "suggestedCompetencies 2",
            "fields":{"competencyStatus":"valid"}
        },
        {
            "key": "Guid 3",
            "name": "suggestedCompetencies 3",
            "fields":{"competencyStatus":"valid"}
        }
    ],
    "validatedCompetencies":[
        {
            "key": "Guid 1",
            "name": "validatedCompetencies 1",
            "fields":{"competencyStatus":"valid"}

        },
        {
            "key": "Guid 2",
            "name": "validatedCompetencies 2",
            "fields":{"competencyStatus":"valid"}
        },
        {
            "key": "Guid 3",
            "name": "validatedCompetencies 3",
            "fields":{"competencyStatus":"valid"}
        },
        {
            "key": "Guid 4",
            "name": "validatedCompetencies 4",
            "fields":{"competencyStatus":"suggested"}
        },
        {
            "key": "Guid 5",
            "name": "validatedCompetencies 5",
            "fields":{"competencyStatus":"suggested"}
        },
        {
            "key": "Guid 6",
            "name": "validatedCompetencies 6",
            "fields":{"competencyStatus":"suggested"}
        }
    ],
    "languages": [
        {
            "key": "languageId",
            "name": "Langue 1",
            "value": "3",
            "fields":{"oral_expression":3,"written_expression":3}
        },
        {
            "key": "Guid 2",
            "name": "Langue 2",
            "value": "2",
            "fields":{"oral_expression":2,"written_expression":2}
        },
        {
            "key": "Guid 3",
            "name": "Langue 3",
            "value": "1",
            "fields":{"oral_expression":1,"written_expression":1}
        }
    ],
    "tools": [
        {
            "key": "tool1Id",
            "name": "tool1",
            "fields":{"competencyStatus":"valid"}
        },
        {
            "key": "tool2Id",
            "name": "tool2",
            "fields":{"competencyStatus":"suggested"}
        },
        {
            "key": "tool3Id",
            "name": "tool3",
            "fields":{"competencyStatus":"suggested"}
        },
        {
            "key": "tool4Id",
            "name": "tool4",
            "fields":{"competencyStatus":"valid"}
        },
        {
            "key": "tool5Id",
            "name": "tool5",
            "fields":{"competencyStatus":"valid"}
        }
    ]

}
